{"cameraMode":{"drawMode":0,"name":"Shaded","section":"Shading Mode"},"sceneLighting":true,"audioPlay":false,"sceneViewState":{"showFog":true,"showMaterialUpdate":false,"showSkybox":true,"showFlares":true,"showImageEffects":true,"showParticleSystems":true},"in2DMode":false,"pivot":{"x":-0.6000000238418579,"y":18.178539276123048,"z":0.5432254076004028},"rotation":{"x":-0.684334933757782,"y":-0.015308419242501259,"z":0.014373088255524636,"w":-0.7288654446601868},"size":22.0,"orthographic":false}